Index,Kelas,Skenario,Deletion (↓),Insertion (↑),Robustness (↑),Sparsity (↑),Cost (Sec) (↓)
122,MildDemented,SCN-01: Grad-CAM,0.4652569979429245,0.5243881992995738,0.9302652478218079,0.8223652742346939,0.6385009288787842
122,MildDemented,SCN-02: LIME (n=100),0.07286197315079335,0.14204077731992582,0.9161059518684221,0.06206154336734694,1.9284710884094238
122,MildDemented,SCN-02: LIME (n=500),0.06571924055118074,0.16220599244288675,0.9537811088434198,0.05602279974489796,8.11185097694397
122,MildDemented,SCN-02: LIME (n=2000),0.0654704132628634,0.07981415602898778,0.9071317625850124,0.08633609693877552,16.914963960647583
122,MildDemented,SCN-03: SHAP (e=100),0.4697689149994404,0.4707200273871422,0.8400326818728562,0.03125,2.517686367034912
122,MildDemented,SCN-03: SHAP (e=500),0.2358209712896496,0.4707317240536213,0.8283371153828599,0.0390625,3.2722294330596924
122,MildDemented,SCN-03: SHAP (e=2000),0.21825557066476903,0.18472868067037776,0.698706401243679,0.001953125,12.74384593963623
1079,MildDemented,SCN-01: Grad-CAM,0.43535474762320525,0.5747786626219749,0.9308924078941345,0.8245176977040817,0.01732611656188965
1079,MildDemented,SCN-02: LIME (n=100),0.11031080087996087,0.06057462213975667,0.8754498112005773,0.027543048469387755,1.1956326961517334
1079,MildDemented,SCN-02: LIME (n=500),0.39676825106143954,0.0468661330340069,0.8713141898833241,0.01953125,4.405008554458618
1079,MildDemented,SCN-02: LIME (n=2000),0.5591733619570731,0.04623956258401449,0.869838133018221,0.036631058673469385,16.43194055557251
1079,MildDemented,SCN-03: SHAP (e=100),0.1568389178835787,0.8507479086518287,0.8790738169845231,0.03125,0.8202335834503174
1079,MildDemented,SCN-03: SHAP (e=500),0.06953450836590491,0.60952158421278,0.9450815368497302,0.0625,3.0948681831359863
1079,MildDemented,SCN-03: SHAP (e=2000),0.09995908387936653,0.6060004726052285,0.9582656144872118,0.0546875,12.171347618103027
332,MildDemented,SCN-01: Grad-CAM,0.3957802862860263,0.8165099792182445,0.9726303219795227,0.8970822704081632,0.017657756805419922
332,MildDemented,SCN-02: LIME (n=100),0.932456723600626,0.9466116167604923,0.8809471845524974,0.018215880102040817,0.9042086601257324
332,MildDemented,SCN-02: LIME (n=500),0.9356482960283755,0.9554973758757114,0.8890882711812177,0.018215880102040817,4.021519422531128
332,MildDemented,SCN-02: LIME (n=2000),0.7525150701403618,0.9508166052401067,0.9311335271803858,0.040716677295918366,17.381662607192993
332,MildDemented,SCN-03: SHAP (e=100),0.8774709232151507,0.8259751595556736,0.787992971425691,0.3125,0.6948730945587158
332,MildDemented,SCN-03: SHAP (e=500),0.8972890801727772,0.9130319692194463,0.9162708823595137,0.171875,2.8915634155273438
332,MildDemented,SCN-03: SHAP (e=2000),0.9527824617922306,0.5101630397140979,0.9521472164622471,0.21484375,11.986874103546143
821,MildDemented,SCN-01: Grad-CAM,0.5720032155513763,0.6999279331415892,0.9211586117744446,0.7281768176020408,0.017303466796875
821,MildDemented,SCN-02: LIME (n=100),0.163288260221816,0.5094070329563692,0.9335897248729361,0.1590202487244898,0.9054014682769775
821,MildDemented,SCN-02: LIME (n=500),0.2732943250623066,0.647619637218304,0.9338680678110217,0.7646484375,4.387128829956055
821,MildDemented,SCN-02: LIME (n=2000),0.34170283064013346,0.8149632032960653,0.9095463536509778,0.8637396364795918,16.568517208099365
821,MildDemented,SCN-03: SHAP (e=100),0.6913903675973416,0.9144986614584922,0.8132323290119864,0.0625,0.6549327373504639
821,MildDemented,SCN-03: SHAP (e=500),0.5271907117217779,0.9277686759829521,0.9493363027757108,0.03125,2.9608118534088135
821,MildDemented,SCN-03: SHAP (e=2000),0.1840554839931429,0.9186454519629478,0.9560786529165824,0.015625,12.014129400253296
460,MildDemented,SCN-01: Grad-CAM,0.1908012800413417,0.5315258082002401,0.9581546187400818,0.815788424744898,0.022510766983032227
460,MildDemented,SCN-02: LIME (n=100),0.13901986163109542,0.1896885828115046,0.8698423859941946,0.023716517857142856,1.2246642112731934
460,MildDemented,SCN-02: LIME (n=500),0.17650146039468384,0.08671358129940926,0.8763946988197459,0.030472735969387755,4.322667360305786
460,MildDemented,SCN-02: LIME (n=2000),0.12385838296559087,0.22527114222757522,0.9250685516778472,0.030472735969387755,16.512306690216064
460,MildDemented,SCN-03: SHAP (e=100),0.3724029943346977,0.08987432027352041,0.89607658859682,0.3125,0.7509324550628662
460,MildDemented,SCN-03: SHAP (e=500),0.13066932265646755,0.06225022278981668,0.9445148512348899,0.3515625,3.076932907104492
460,MildDemented,SCN-03: SHAP (e=2000),0.10969686745665966,0.06092396951443389,0.9782680615888547,0.00390625,12.298206567764282
599,MildDemented,SCN-01: Grad-CAM,0.4474946543574334,0.9630940124392509,0.9405005574226379,0.865593112244898,0.016915082931518555
599,MildDemented,SCN-02: LIME (n=100),0.5506328925490379,0.26481331785726064,0.8957356414427184,0.13117825255102042,0.894219160079956
599,MildDemented,SCN-02: LIME (n=500),0.46314041167497644,0.26688649322277336,0.9355512119420532,0.16001674107142858,3.9218602180480957
599,MildDemented,SCN-02: LIME (n=2000),0.645516499131918,0.17171642139046522,0.938566681842614,0.10345583545918367,16.98584747314453
599,MildDemented,SCN-03: SHAP (e=100),0.7796267792582512,0.9518301889300346,0.8022087284220338,0.625,0.6519973278045654
599,MildDemented,SCN-03: SHAP (e=500),0.6306077368557453,0.9231516644358636,0.9098905449771854,0.109375,2.886019468307495
599,MildDemented,SCN-03: SHAP (e=2000),0.496966852247715,0.8334257699549198,0.9673315092913904,0.01171875,11.975401878356934
124,MildDemented,SCN-01: Grad-CAM,0.14585704118944703,0.14408035841379388,0.9721807837486267,0.8355189732142857,0.01771068572998047
124,MildDemented,SCN-02: LIME (n=100),0.19873098852968385,0.09839522489264708,0.894991764250495,0.022999043367346938,0.9230825901031494
124,MildDemented,SCN-02: LIME (n=500),0.15223924683607604,0.12874491002876312,0.8405932193344209,0.022999043367346938,4.441556930541992
124,MildDemented,SCN-02: LIME (n=2000),0.13608774353484704,0.13935532080940902,0.8053287231855089,0.022999043367346938,16.535552501678467
124,MildDemented,SCN-03: SHAP (e=100),0.3437224946916104,0.1914478071266785,0.8918405085801412,0.75,0.6580057144165039
124,MildDemented,SCN-03: SHAP (e=500),0.23090761250350625,0.09901515501669564,0.8965242459285677,0.6953125,3.001730442047119
124,MildDemented,SCN-03: SHAP (e=2000),0.1341649629699532,0.0556092354330758,0.8921792847778404,0.70703125,11.926335573196411
362,MildDemented,SCN-01: Grad-CAM,0.5273253768682481,0.937604485452175,0.9347861409187317,0.8256138392857143,0.01726222038269043
362,MildDemented,SCN-02: LIME (n=100),0.07085070077291604,0.2685805783701704,0.9358896799493918,0.24314413265306123,1.267890214920044
362,MildDemented,SCN-02: LIME (n=500),0.07109995096377587,0.2624110243438671,0.961802320666577,0.6517657844387755,4.3970255851745605
362,MildDemented,SCN-02: LIME (n=2000),0.06678258227771891,0.20024854346047502,0.9551729112157227,0.8776506696428571,16.729220628738403
362,MildDemented,SCN-03: SHAP (e=100),0.8569198340177536,0.9026897892355918,0.9731101036513204,0.8125,0.8016133308410645
362,MildDemented,SCN-03: SHAP (e=500),0.7582540884613992,0.9203829035162925,0.970616356242165,0.921875,3.0131311416625977
362,MildDemented,SCN-03: SHAP (e=2000),0.2607876490801573,0.7384992513805628,0.9851859352802788,0.955078125,12.070406675338745
1067,MildDemented,SCN-01: Grad-CAM,0.5627672061324119,0.541871210001409,0.9293410778045654,0.7892020089285714,0.019998788833618164
1067,MildDemented,SCN-02: LIME (n=100),0.10175761280406731,0.06743266807989129,0.6973857380219424,0.02170360331632653,0.9309651851654053
1067,MildDemented,SCN-02: LIME (n=500),0.1254307225361117,0.07652147260414494,0.7955552902055354,0.02170360331632653,4.044679880142212
1067,MildDemented,SCN-02: LIME (n=2000),0.11955224046650981,0.07091507627956162,0.8241052839149103,0.02170360331632653,17.4963219165802
1067,MildDemented,SCN-03: SHAP (e=100),0.6546548411250115,0.34287235233932734,0.9253049478490148,0.0625,0.6799628734588623
1067,MildDemented,SCN-03: SHAP (e=500),0.6074592113494873,0.2671563162002712,0.9644063462686343,0.046875,2.940927505493164
1067,MildDemented,SCN-03: SHAP (e=2000),0.2387270754901692,0.17583053505950372,0.9566064793541372,0.0390625,12.245282173156738
312,MildDemented,SCN-01: Grad-CAM,0.5480698511004448,0.9172284677624701,0.9458504915237427,0.8559669961734694,0.01726055145263672
312,MildDemented,SCN-02: LIME (n=100),0.0857697609843747,0.23685756780557762,0.8937763631801608,0.033203125,0.9261620044708252
312,MildDemented,SCN-02: LIME (n=500),0.06913745088877477,0.19037812412425406,0.8910870838101417,0.030074139030612245,4.6283650398254395
312,MildDemented,SCN-02: LIME (n=2000),0.07108201349180944,0.08610074342041116,0.8777471270610668,0.024453922193877552,16.701218843460083
312,MildDemented,SCN-03: SHAP (e=100),0.5393230617046356,0.8813634559512139,0.9039810723007864,0.8125,0.6896040439605713
312,MildDemented,SCN-03: SHAP (e=500),0.5378351986408234,0.8577908694744111,0.8002184482099197,0.96875,3.1422314643859863
312,MildDemented,SCN-03: SHAP (e=2000),0.11746883594896643,0.4119054291397332,0.7268852966203906,0.98046875,12.310627937316895
1110,MildDemented,SCN-01: Grad-CAM,0.6551278904080392,0.9563606664538384,0.9468315243721008,0.8392657844387755,0.021809816360473633
1110,MildDemented,SCN-02: LIME (n=100),0.16989636539585717,0.14903102303997,0.9435606060444207,0.13261320153061223,1.2243528366088867
1110,MildDemented,SCN-02: LIME (n=500),0.28913956351589715,0.3561917751678265,0.9420327055922624,0.323062818877551,4.036164283752441
1110,MildDemented,SCN-02: LIME (n=2000),0.34120457181707026,0.3782110259740875,0.9359721909867997,0.4985451211734694,16.45309281349182
1110,MildDemented,SCN-03: SHAP (e=100),0.586628207564354,0.9294940933585167,0.7259721577911158,0.625,0.7352020740509033
1110,MildDemented,SCN-03: SHAP (e=500),0.6643906340003015,0.8700107201933862,0.835454535324348,0.671875,2.9298388957977295
1110,MildDemented,SCN-03: SHAP (e=2000),0.3809541776776314,0.897652904689312,0.8576385638047139,0.1328125,11.99898910522461
1032,MildDemented,SCN-01: Grad-CAM,0.37835023300722237,0.8988637581467628,0.9959040880203247,0.8524992028061225,0.018765687942504883
1032,MildDemented,SCN-02: LIME (n=100),0.06751821999205276,0.17728050322257327,0.8841266454729033,0.22765864158163265,0.9228174686431885
1032,MildDemented,SCN-02: LIME (n=500),0.14838788537017533,0.1840559356825906,0.7898477408718555,0.11656967474489796,4.0384838581085205
1032,MildDemented,SCN-02: LIME (n=2000),0.19877434069057925,0.08673005735472543,0.8913979254688805,0.07015306122448979,17.10929775238037
1032,MildDemented,SCN-03: SHAP (e=100),0.4503497786819935,0.8401578351855279,0.7907251728117406,0.03125,0.6604006290435791
1032,MildDemented,SCN-03: SHAP (e=500),0.34755035340785984,0.46606333311647186,0.7985839766986863,0.0078125,2.9256041049957275
1032,MildDemented,SCN-03: SHAP (e=2000),0.2399557318072766,0.24174213707447048,0.9341014383935305,0.015625,12.13423490524292
993,MildDemented,SCN-01: Grad-CAM,0.38629837874323125,0.7116678847000002,0.9153831005096436,0.805046237244898,0.018480777740478516
993,MildDemented,SCN-02: LIME (n=100),0.15160012727428693,0.3363487312803044,0.8612240391502979,0.025928730867346938,0.9375691413879395
993,MildDemented,SCN-02: LIME (n=500),0.07439732308610339,0.739449656009674,0.947231036401758,0.06489158163265306,5.109678745269775
993,MildDemented,SCN-02: LIME (n=2000),0.13064663897367837,0.8620208665728569,0.9636533835374395,0.052634725765306124,16.764958143234253
993,MildDemented,SCN-03: SHAP (e=100),0.5240197122097016,0.8739843413233757,0.9624486332617119,0.625,0.6484816074371338
993,MildDemented,SCN-03: SHAP (e=500),0.44138519056141384,0.7498232200741768,0.9072424154405297,0.015625,3.15309739112854
993,MildDemented,SCN-03: SHAP (e=2000),0.1569512379355729,0.6534063296508975,0.9874843272473516,0.0390625,12.016231060028076
560,MildDemented,SCN-01: Grad-CAM,0.5709987848997117,0.9137901708483694,0.9398571252822876,0.7764070471938775,0.02218317985534668
560,MildDemented,SCN-02: LIME (n=100),0.23057667245593622,0.25904445654759906,0.876906802082266,0.2166374362244898,1.2677762508392334
560,MildDemented,SCN-02: LIME (n=500),0.28982044332660745,0.21071693813037196,0.8448558465578726,0.5292370854591837,4.134413003921509
560,MildDemented,SCN-02: LIME (n=2000),0.3556829043664039,0.4513126207952155,0.8479226848500668,0.4794323979591837,17.470179796218872
560,MildDemented,SCN-03: SHAP (e=100),0.7808772280812263,0.6953512184321881,0.8308092300245545,0.0625,0.7099883556365967
560,MildDemented,SCN-03: SHAP (e=500),0.6436190813779831,0.6707588702440261,0.9490065350909337,0.03125,2.883424758911133
560,MildDemented,SCN-03: SHAP (e=2000),0.25147063769400124,0.48856124384328725,0.979935056768419,0.01953125,12.057492017745972
245,MildDemented,SCN-01: Grad-CAM,0.49011458754539494,0.963522945344448,0.8945654034614563,0.7740154655612245,0.01783609390258789
245,MildDemented,SCN-02: LIME (n=100),0.3571284219622612,0.2537329559138015,0.7581308396318595,0.008410395408163265,0.937105655670166
245,MildDemented,SCN-02: LIME (n=500),0.2616472301655449,0.2416779861168834,0.8033361808724935,0.008410395408163265,4.164368629455566
245,MildDemented,SCN-02: LIME (n=2000),0.2766609371639789,0.18199683012985585,0.741499764841483,0.008410395408163265,16.992681980133057
245,MildDemented,SCN-03: SHAP (e=100),0.7507103368639947,0.9544496104121207,0.9746426181019376,0.6875,0.6543810367584229
245,MildDemented,SCN-03: SHAP (e=500),0.5964763425290585,0.9643335148692131,0.929146205125942,0.015625,2.906765937805176
245,MildDemented,SCN-03: SHAP (e=2000),0.19229479806381278,0.9542104467749596,0.8565655829709058,0.00390625,11.899556636810303
70,ModerateDemented,SCN-01: Grad-CAM,0.32008893601596355,0.6611904670717195,0.8544626235961914,0.6109295280612245,0.03211069107055664
70,ModerateDemented,SCN-02: LIME (n=100),0.12306300380641914,0.16062746368619113,0.8967230607112957,0.10662468112244898,1.294285774230957
70,ModerateDemented,SCN-02: LIME (n=500),0.06208127818383673,0.1844051241129448,0.9248283264222629,0.05709901147959184,5.214300155639648
70,ModerateDemented,SCN-02: LIME (n=2000),0.06201994204396897,0.1621581034368773,0.8939379545604144,0.05709901147959184,16.63844656944275
70,ModerateDemented,SCN-03: SHAP (e=100),0.17308938925052644,0.4123175452114083,0.9309588913792508,0.0625,0.6585721969604492
70,ModerateDemented,SCN-03: SHAP (e=500),0.2306751309661195,0.22089416054077443,0.9496305959702391,0.046875,3.0222058296203613
70,ModerateDemented,SCN-03: SHAP (e=2000),0.1630993652608595,0.2680222574505023,0.986048123448562,0.03125,12.569586038589478
139,ModerateDemented,SCN-01: Grad-CAM,0.3154011689126492,0.49900445945677346,0.8723615407943726,0.6699418048469388,0.021491289138793945
139,ModerateDemented,SCN-02: LIME (n=100),0.13108815406958457,0.0627126817627868,0.9312870909900949,0.03218670280612245,1.2573108673095703
139,ModerateDemented,SCN-02: LIME (n=500),0.07075348947937528,0.06253048294420295,0.8531178277051533,0.021344866071428572,3.991339921951294
139,ModerateDemented,SCN-02: LIME (n=2000),0.06300687920538622,0.09318790458419242,0.8759632936737906,0.021344866071428572,17.570351600646973
139,ModerateDemented,SCN-03: SHAP (e=100),0.16167858151857223,0.08679385928735427,0.938934015162455,0.125,0.657496452331543
139,ModerateDemented,SCN-03: SHAP (e=500),0.16211065216552925,0.08120882408693432,0.9592677541930115,0.0078125,2.9525656700134277
139,ModerateDemented,SCN-03: SHAP (e=2000),0.16529302692724743,0.146074742777273,0.9178060073408554,0.0078125,12.635379076004028
209,ModerateDemented,SCN-01: Grad-CAM,0.22974758576601745,0.5914665470885665,0.8400580883026123,0.5732820471938775,0.017765283584594727
209,ModerateDemented,SCN-02: LIME (n=100),0.0837988002875136,0.06192529852665273,0.94226928804813,0.3417171556122449,0.9090859889984131
209,ModerateDemented,SCN-02: LIME (n=500),0.09311933913631948,0.15928720091836449,0.9579235697884866,0.5568199936224489,4.4963929653167725
209,ModerateDemented,SCN-02: LIME (n=2000),0.0866622026776895,0.063686296303488,0.9476262602344452,0.7634127869897959,16.528271198272705
209,ModerateDemented,SCN-03: SHAP (e=100),0.68801509141922,0.2820344112536986,0.957379861249533,0.0625,0.6997556686401367
209,ModerateDemented,SCN-03: SHAP (e=500),0.21421606140211227,0.28238986167125396,0.9789949897677155,0.0078125,3.063081741333008
209,ModerateDemented,SCN-03: SHAP (e=2000),0.11247199668723623,0.1235824736591894,0.9860816048321732,0.0078125,12.525407314300537
250,ModerateDemented,SCN-01: Grad-CAM,0.1703758668969385,0.4481258461397374,0.9146480560302734,0.7569355867346939,0.022432804107666016
250,ModerateDemented,SCN-02: LIME (n=100),0.0625113809506729,0.06504856520023167,0.8614413695643574,0.1874202806122449,1.233577013015747
250,ModerateDemented,SCN-02: LIME (n=500),0.06199013738505527,0.06194619381276424,0.9216465843110823,0.05279416454081633,3.9777181148529053
250,ModerateDemented,SCN-02: LIME (n=2000),0.06384316214735009,0.06200982839945936,0.8899310521225695,0.04653619260204082,16.7995126247406
250,ModerateDemented,SCN-03: SHAP (e=100),0.0782776670284875,0.09615234967786818,0.9127154773979963,0.125,0.7628846168518066
250,ModerateDemented,SCN-03: SHAP (e=500),0.15022305147140289,0.07439182778507528,0.9694387524814858,0.0078125,2.9350035190582275
250,ModerateDemented,SCN-03: SHAP (e=2000),0.14272445184760726,0.06374769233807455,0.9773754489914647,0.0078125,12.563053607940674
306,ModerateDemented,SCN-01: Grad-CAM,0.2195919775404036,0.673987846833188,0.8568585515022278,0.6190210459183674,0.017689943313598633
306,ModerateDemented,SCN-02: LIME (n=100),0.16544156133466006,0.26248152775615374,0.9365689063292914,0.6056680484693877,0.9531416893005371
306,ModerateDemented,SCN-02: LIME (n=500),0.16226439756530908,0.11102222532299491,0.9371112006316661,0.8991749043367347,3.9996821880340576
306,ModerateDemented,SCN-02: LIME (n=2000),0.1593086080472858,0.16225940855947552,0.9277348158564501,0.9397321428571429,16.622777462005615
306,ModerateDemented,SCN-03: SHAP (e=100),0.7379688058048487,0.16716657034976373,0.9689477237053542,0.0625,0.6709480285644531
306,ModerateDemented,SCN-03: SHAP (e=500),0.3292897648643703,0.17043788547816802,0.9320267642403095,0.015625,2.9175636768341064
306,ModerateDemented,SCN-03: SHAP (e=2000),0.21294321564491842,0.16453657023830598,0.9837880256573572,0.01953125,12.453027248382568
435,ModerateDemented,SCN-01: Grad-CAM,0.22457016073167324,0.5641558284536586,0.8722782731056213,0.647819674744898,0.017894983291625977
435,ModerateDemented,SCN-02: LIME (n=100),0.06213463297699491,0.16170805831176843,0.9488731631912213,0.019192442602040817,1.0494303703308105
435,ModerateDemented,SCN-02: LIME (n=500),0.06296226358463741,0.16591349111291176,0.9504759550251481,0.019192442602040817,4.7489540576934814
435,ModerateDemented,SCN-02: LIME (n=2000),0.06207899895284755,0.14484096614990533,0.9480344201223548,0.019192442602040817,16.781755685806274
435,ModerateDemented,SCN-03: SHAP (e=100),0.7559823560295628,0.30426335851079783,0.8431672285057688,0.09375,0.8272249698638916
435,ModerateDemented,SCN-03: SHAP (e=500),0.6598240362734942,0.10034554547164588,0.8808825834723032,0.03125,3.0877249240875244
435,ModerateDemented,SCN-03: SHAP (e=2000),0.06237713314189933,0.07222257164539768,0.9553104206352407,0.0078125,12.196232795715332
476,ModerateDemented,SCN-01: Grad-CAM,0.23251431798562408,0.6622422889166045,0.8785403966903687,0.6481385522959183,0.0171048641204834
476,ModerateDemented,SCN-02: LIME (n=100),0.06190750036310391,0.33584705297134854,0.9358111285383758,0.1306999362244898,0.9003124237060547
476,ModerateDemented,SCN-02: LIME (n=500),0.13520791092892068,0.4888384111924096,0.9266738577176997,0.6131018813775511,4.05410623550415
476,ModerateDemented,SCN-02: LIME (n=2000),0.12914643049925872,0.26224318773092814,0.9286717728636575,0.6400868941326531,17.323355674743652
476,ModerateDemented,SCN-03: SHAP (e=100),0.6650456134666456,0.19660786008462305,0.7788590517792113,0.09375,0.676856517791748
476,ModerateDemented,SCN-03: SHAP (e=500),0.6643306597358788,0.18528190026991065,0.8326043817346349,0.015625,2.9690380096435547
476,ModerateDemented,SCN-03: SHAP (e=2000),0.5872759901198151,0.17157683549448843,0.9208823133237839,0.005859375,12.663454532623291
496,ModerateDemented,SCN-01: Grad-CAM,0.29136730935424565,0.770245161751518,0.8601107001304626,0.6091159119897959,0.018141746520996094
496,ModerateDemented,SCN-02: LIME (n=100),0.36317458617450027,0.1607547301096165,0.8892397431967821,0.02122528698979592,0.9309635162353516
496,ModerateDemented,SCN-02: LIME (n=500),0.32434569190227197,0.2522191385263795,0.9316755105193107,0.014130261479591837,5.192383766174316
496,ModerateDemented,SCN-02: LIME (n=2000),0.164145569052198,0.1611006585881341,0.9549689143603725,0.03128985969387755,16.822884559631348
496,ModerateDemented,SCN-03: SHAP (e=100),0.42762294560670855,0.8685969702899455,0.8708167893120538,0.5,0.6709115505218506
496,ModerateDemented,SCN-03: SHAP (e=500),0.27743447571992874,0.9117618590593337,0.8707088634488279,0.03125,3.205435037612915
496,ModerateDemented,SCN-03: SHAP (e=2000),0.13204024839214978,0.8455675107426941,0.9608411644025573,0.0078125,12.75640320777893
502,ModerateDemented,SCN-01: Grad-CAM,0.32956534773111346,0.796443333197385,0.873960018157959,0.6481983418367347,0.023090600967407227
502,ModerateDemented,SCN-02: LIME (n=100),0.21965073411083721,0.345466278708227,0.9020148370605529,0.012017697704081632,1.037808895111084
502,ModerateDemented,SCN-02: LIME (n=500),0.1591490577455261,0.21123121557725422,0.9213116696481833,0.012017697704081632,4.1353302001953125
502,ModerateDemented,SCN-02: LIME (n=2000),0.20912540351855569,0.2240974406315217,0.9336962991839598,0.012017697704081632,17.72406244277954
502,ModerateDemented,SCN-03: SHAP (e=100),0.7433062404394151,0.5345849813893437,0.9778006183354725,0.03125,0.6760761737823486
502,ModerateDemented,SCN-03: SHAP (e=500),0.8338154464960099,0.2752652411349117,0.9690998613538233,0.03125,2.921203136444092
502,ModerateDemented,SCN-03: SHAP (e=2000),0.34369683018885555,0.16739786802645537,0.9426344628089419,0.01171875,12.790867805480957
840,ModerateDemented,SCN-01: Grad-CAM,0.23830182319507007,0.8617261138337198,0.8959582448005676,0.7021882971938775,0.017215251922607422
840,ModerateDemented,SCN-02: LIME (n=100),0.15722378355704902,0.16192354909952653,0.9166095750884966,0.2769052933673469,0.9327545166015625
840,ModerateDemented,SCN-02: LIME (n=500),0.06308143714105086,0.45308224034815786,0.9338469129239374,0.7507971938775511,4.817141532897949
840,ModerateDemented,SCN-02: LIME (n=2000),0.1617618770402402,0.5598165233752069,0.9416343521330316,0.7903180803571429,16.936078548431396
840,ModerateDemented,SCN-03: SHAP (e=100),0.8648464024066925,0.10192699335893848,0.7911439708914566,0.0625,0.6714043617248535
840,ModerateDemented,SCN-03: SHAP (e=500),0.796627222886309,0.0656341038424216,0.8321709229711124,0.0078125,3.159588098526001
840,ModerateDemented,SCN-03: SHAP (e=2000),0.8141814410686493,0.06283284661767538,0.9707177569423998,0.001953125,12.797768354415894
929,ModerateDemented,SCN-01: Grad-CAM,0.3097697243094445,0.8252424989361316,0.8773044943809509,0.6578643176020408,0.02461409568786621
929,ModerateDemented,SCN-02: LIME (n=100),0.062436294512377796,0.1620339412405883,0.9441517419746676,0.06802056760204081,1.2392547130584717
929,ModerateDemented,SCN-02: LIME (n=500),0.06244316517804691,0.44327162060308173,0.9589601127682114,0.15481505102040816,4.118141174316406
929,ModerateDemented,SCN-02: LIME (n=2000),0.07525316957617179,0.4408421741085476,0.9702855959607288,0.07164779974489796,17.51707673072815
929,ModerateDemented,SCN-03: SHAP (e=100),0.6492236338555814,0.36704936977475877,0.9709808608417095,0.09375,0.6722729206085205
929,ModerateDemented,SCN-03: SHAP (e=500),0.6754075731616468,0.17559760742587965,0.9816909955993138,0.015625,2.9160196781158447
929,ModerateDemented,SCN-03: SHAP (e=2000),0.45124096438521516,0.0645097898064705,0.9866643712141585,0.01953125,12.329801559448242
1133,ModerateDemented,SCN-01: Grad-CAM,0.36372022628784184,0.5653387067457516,0.816625714302063,0.5431879783163265,0.01777029037475586
1133,ModerateDemented,SCN-02: LIME (n=100),0.09090784230070313,0.16607813112964886,0.9134521713197026,0.01594387755102041,0.9531717300415039
1133,ModerateDemented,SCN-02: LIME (n=500),0.1316365170961035,0.16105330348873392,0.8984705769716554,0.01594387755102041,4.172284364700317
1133,ModerateDemented,SCN-02: LIME (n=2000),0.06286369626541273,0.1637932017846651,0.8952139657199714,0.01594387755102041,16.740540742874146
1133,ModerateDemented,SCN-03: SHAP (e=100),0.7004607379436493,0.42914039627648887,0.9559034994380776,0.125,0.6748311519622803
1133,ModerateDemented,SCN-03: SHAP (e=500),0.3337464998010546,0.33955284201074387,0.9729467415975213,0.046875,2.9219236373901367
1133,ModerateDemented,SCN-03: SHAP (e=2000),0.23552296925336125,0.35760535052831977,0.9785511997750816,0.03125,12.131587505340576
1136,ModerateDemented,SCN-01: Grad-CAM,0.21592581115546639,0.7085916984127835,0.8687734603881836,0.6063257334183674,0.021997928619384766
1136,ModerateDemented,SCN-02: LIME (n=100),0.0629565319577523,0.3373338469918962,0.9410088151965501,0.3333266900510204,1.0792269706726074
1136,ModerateDemented,SCN-02: LIME (n=500),0.06376405500685678,0.2912835549588535,0.9342923362517469,0.6562101403061225,4.682883977890015
1136,ModerateDemented,SCN-02: LIME (n=2000),0.08315013651081243,0.34308784523987007,0.8595150461397709,0.7542251275510204,16.827569723129272
1136,ModerateDemented,SCN-03: SHAP (e=100),0.7454440604895354,0.434902926092036,0.8565237905520543,0.0625,0.7708778381347656
1136,ModerateDemented,SCN-03: SHAP (e=500),0.7508410279173404,0.25926918410696087,0.936477118568352,0.0078125,3.0990042686462402
1136,ModerateDemented,SCN-03: SHAP (e=2000),0.6347779058385641,0.13175857479218392,0.9641544109745771,0.00390625,12.16051435470581
1215,ModerateDemented,SCN-01: Grad-CAM,0.30681174099445346,0.5722839538604603,0.8409542441368103,0.5822305484693877,0.017279863357543945
1215,ModerateDemented,SCN-02: LIME (n=100),0.0674561342684683,0.07931346026712162,0.907400503100782,0.05955038265306122,0.933922529220581
1215,ModerateDemented,SCN-02: LIME (n=500),0.1581635462862323,0.16276885067052685,0.9334921808931826,0.01189811862244898,4.105722427368164
1215,ModerateDemented,SCN-02: LIME (n=2000),0.09309560591032094,0.0685284416765853,0.9473034417483596,0.01189811862244898,17.73178458213806
1215,ModerateDemented,SCN-03: SHAP (e=100),0.23698673059407158,0.4365203395485877,0.9391257721487486,0.0625,0.6510260105133057
1215,ModerateDemented,SCN-03: SHAP (e=500),0.1793510372466699,0.2693542754277587,0.9751848687904976,0.0234375,2.9222443103790283
1215,ModerateDemented,SCN-03: SHAP (e=2000),0.20093851814162916,0.1606719112722203,0.9791290609526779,0.005859375,12.036322593688965
1216,ModerateDemented,SCN-01: Grad-CAM,0.22315004514530304,0.6057190739593352,0.8715094327926636,0.6560507015306123,0.01752781867980957
1216,ModerateDemented,SCN-02: LIME (n=100),0.06190663689001212,0.16203571297464803,0.9414718153013093,0.01580436862244898,0.9577829837799072
1216,ModerateDemented,SCN-02: LIME (n=500),0.06198802906412197,0.09257140917907233,0.9285413509176959,0.01580436862244898,4.441978216171265
1216,ModerateDemented,SCN-02: LIME (n=2000),0.061865720012838216,0.06266516400355612,0.9052063508384292,0.01580436862244898,17.02208662033081
1216,ModerateDemented,SCN-03: SHAP (e=100),0.5754016043756566,0.16046235396061093,0.9224213734298767,0.09375,0.6648635864257812
1216,ModerateDemented,SCN-03: SHAP (e=500),0.7235222594088554,0.18531467602588234,0.9407876265026943,0.015625,2.984121799468994
1216,ModerateDemented,SCN-03: SHAP (e=2000),0.1663980657272987,0.11275435665156691,0.9778012719655274,0.00390625,11.9845290184021
101,NonDemented,SCN-01: Grad-CAM,0.4471644245088101,0.9570651598274708,0.9990121722221375,0.8584980867346939,0.026530742645263672
101,NonDemented,SCN-02: LIME (n=100),0.9129960305988789,0.944596678763628,0.9309816505939871,0.046954719387755105,0.9171991348266602
101,NonDemented,SCN-02: LIME (n=500),0.8390529923141004,0.9239773519337178,0.9054740911793404,0.019949776785714284,4.8755199909210205
101,NonDemented,SCN-02: LIME (n=2000),0.8231705762445928,0.9250694878399371,0.9140493985256825,0.019949776785714284,21.773759126663208
101,NonDemented,SCN-03: SHAP (e=100),0.6476340599358081,0.8349714107811451,0.8951846282713176,0.625,1.0030944347381592
101,NonDemented,SCN-03: SHAP (e=500),0.6150440972298383,0.9598466284573077,0.8010981572070819,0.9375,3.034994602203369
101,NonDemented,SCN-03: SHAP (e=2000),0.8296593375504018,0.9558132000267505,0.8692672761546162,0.91796875,12.576688289642334
333,NonDemented,SCN-01: Grad-CAM,0.23627476654946802,0.6496245993068441,0.9734341502189636,0.8233617665816326,0.01758098602294922
333,NonDemented,SCN-02: LIME (n=100),0.8996090538799764,0.9120577342808247,0.8524788074211389,0.43225845025510207,0.8910379409790039
333,NonDemented,SCN-02: LIME (n=500),0.9297356911003589,0.9185845024883745,0.8303235979501717,0.7886439732142857,4.699605464935303
333,NonDemented,SCN-02: LIME (n=2000),0.9311814792454243,0.92457969263196,0.8722169001759787,0.8902463329081632,17.223222017288208
333,NonDemented,SCN-03: SHAP (e=100),0.723745033890009,0.20859515371266754,0.6278047440052159,0.125,0.952387809753418
333,NonDemented,SCN-03: SHAP (e=500),0.45603980775922537,0.5672781802713871,0.9518498426457649,0.03125,3.1779794692993164
333,NonDemented,SCN-03: SHAP (e=2000),0.5877675366587938,0.38952149172546335,0.9599489307718044,0.00390625,12.6740882396698
408,NonDemented,SCN-01: Grad-CAM,0.2614066764770541,0.7406258100643753,0.992324948310852,0.8103276466836735,0.022200345993041992
408,NonDemented,SCN-02: LIME (n=100),0.20352306069398765,0.17107234629802404,0.9466820760299899,0.25484295280612246,1.1382684707641602
408,NonDemented,SCN-02: LIME (n=500),0.1620556329842657,0.1709168754779966,0.9466124192163563,0.49547592474489793,3.9909615516662598
408,NonDemented,SCN-02: LIME (n=2000),0.08841856543149335,0.14367328262305817,0.9457281899971406,0.44551179846938777,17.113821744918823
408,NonDemented,SCN-03: SHAP (e=100),0.666119535267353,0.6305804178118706,0.9354944345119155,0.0625,0.644291877746582
408,NonDemented,SCN-03: SHAP (e=500),0.11718642174309934,0.8751439228653909,0.9650310737434941,0.03125,2.9337799549102783
408,NonDemented,SCN-03: SHAP (e=2000),0.10038271126450125,0.9402414754033089,0.9076972898533837,0.03515625,14.101588249206543
833,NonDemented,SCN-01: Grad-CAM,0.1440220505923207,0.6722386494278908,0.9361312985420227,0.8913026147959183,0.01834869384765625
833,NonDemented,SCN-02: LIME (n=100),0.04961489801843868,0.047197972075082355,0.8861772324238754,0.47781808035714285,0.9370298385620117
833,NonDemented,SCN-02: LIME (n=500),0.06433793377792654,0.05074058183026863,0.8638793303744141,0.560905612244898,4.597800254821777
833,NonDemented,SCN-02: LIME (n=2000),0.07118744545277877,0.04377425153224976,0.8488323658311423,0.2010921556122449,16.56281065940857
833,NonDemented,SCN-03: SHAP (e=100),0.19183907732367514,0.7050546675920486,0.9211492924737328,0.6875,0.6561098098754883
833,NonDemented,SCN-03: SHAP (e=500),0.21163414037291658,0.5759803451597689,0.9622977136380187,0.671875,3.09437894821167
833,NonDemented,SCN-03: SHAP (e=2000),0.07561941418862261,0.4390244915499351,0.9386387601792108,0.01953125,12.931886434555054
780,NonDemented,SCN-01: Grad-CAM,0.36762241497635845,0.8628988049924373,0.9699200391769409,0.8646763392857143,0.02263164520263672
780,NonDemented,SCN-02: LIME (n=100),0.9569447703659535,0.8779422320425511,0.900702345340891,0.018933354591836735,1.2557048797607422
780,NonDemented,SCN-02: LIME (n=500),0.9584255404770373,0.8986474342644215,0.9274975491861,0.018933354591836735,4.061825752258301
780,NonDemented,SCN-02: LIME (n=2000),0.9550535269081593,0.9009707786142827,0.9294720883541376,0.018933354591836735,16.96235227584839
780,NonDemented,SCN-03: SHAP (e=100),0.7421993829309941,0.9285513170063496,0.8770333443445881,0.03125,0.7325222492218018
780,NonDemented,SCN-03: SHAP (e=500),0.8904144652187823,0.9495059795677662,0.9257986756202595,0.015625,2.9156460762023926
780,NonDemented,SCN-03: SHAP (e=2000),0.9430760629475117,0.9449528165161609,0.9718967667551861,0.0078125,12.79210615158081
91,NonDemented,SCN-01: Grad-CAM,0.1521072304595691,0.8811431892216206,0.9916936159133911,0.8624641262755102,0.019141197204589844
91,NonDemented,SCN-02: LIME (n=100),0.4506105529959314,0.8274209655821323,0.9249655032351671,0.09721779336734694,0.9348514080047607
91,NonDemented,SCN-02: LIME (n=500),0.573045376234586,0.9225640721619129,0.9251794026697487,0.04651626275510204,4.072275400161743
91,NonDemented,SCN-02: LIME (n=2000),0.647128841857193,0.9379762299358845,0.9444144074096193,0.04651626275510204,16.902845859527588
91,NonDemented,SCN-03: SHAP (e=100),0.03910610300526969,0.6248227126896382,0.889623012490038,0.0625,0.704042911529541
91,NonDemented,SCN-03: SHAP (e=500),0.03951308535342832,0.8129137881100178,0.9559044418271778,0.0234375,2.922217845916748
91,NonDemented,SCN-03: SHAP (e=2000),0.060716225777287025,0.8501021690666676,0.972531451129971,0.013671875,12.621176719665527
524,NonDemented,SCN-01: Grad-CAM,0.2731915548443794,0.5679047129815444,0.9812278151512146,0.8606704400510204,0.016949892044067383
524,NonDemented,SCN-02: LIME (n=100),0.06695786731106636,0.1324014710895426,0.9280333595424186,0.09612165178571429,1.2381784915924072
524,NonDemented,SCN-02: LIME (n=500),0.1115107497516874,0.06528171705435283,0.9396895177225238,0.06680484693877552,4.460413694381714
524,NonDemented,SCN-02: LIME (n=2000),0.07624464799828275,0.07190866735168128,0.9210665392821629,0.05893255739795918,16.60811471939087
524,NonDemented,SCN-03: SHAP (e=100),0.2226881894282996,0.7978987410664558,0.9239582976559323,0.1875,0.7626817226409912
524,NonDemented,SCN-03: SHAP (e=500),0.1402630660464638,0.645587831735611,0.8796601362614419,0.046875,3.0570228099823
524,NonDemented,SCN-03: SHAP (e=2000),0.10085776564415028,0.12416769436094907,0.898330273769652,0.0078125,12.77405834197998
937,NonDemented,SCN-01: Grad-CAM,0.15565689348150044,0.33834095222991895,0.9337644577026367,0.8817362882653061,0.017419815063476562
937,NonDemented,SCN-02: LIME (n=100),0.08035682222862306,0.053770477908392414,0.8688592768236558,0.03968032525510204,0.9298875331878662
937,NonDemented,SCN-02: LIME (n=500),0.054408901033457364,0.046098951444423615,0.9304677133693142,0.24531648596938777,4.075751543045044
937,NonDemented,SCN-02: LIME (n=2000),0.1149063704535365,0.046346451790498115,0.9339249014579436,0.3190369897959184,16.853841066360474
937,NonDemented,SCN-03: SHAP (e=100),0.6983809038996698,0.10426494313724105,0.8085749907200406,0.09375,0.6711122989654541
937,NonDemented,SCN-03: SHAP (e=500),0.5076521813869477,0.0732917633598845,0.8080199926075367,0.0078125,2.94032621383667
937,NonDemented,SCN-03: SHAP (e=2000),0.16570585775189103,0.08447666505526284,0.9693423227961434,0.0078125,12.760675191879272
1177,NonDemented,SCN-01: Grad-CAM,0.4558555237948894,0.9193773038685321,0.9879104495048523,0.8432318239795918,0.018754959106445312
1177,NonDemented,SCN-02: LIME (n=100),0.9190882153809071,0.9456821508705616,0.9275492654697391,0.12376434948979592,0.9528746604919434
1177,NonDemented,SCN-02: LIME (n=500),0.953892344981432,0.9197695381939411,0.8935019411021538,0.04416454081632653,5.076251029968262
1177,NonDemented,SCN-02: LIME (n=2000),0.9596257932484151,0.940407944470644,0.9221006817265045,0.03587372448979592,16.951069116592407
1177,NonDemented,SCN-03: SHAP (e=100),0.939538598805666,0.5936659701168537,0.7035451820067364,0.15625,0.7697446346282959
1177,NonDemented,SCN-03: SHAP (e=500),0.9251559503376483,0.8099758930504322,0.9020213527536346,0.03125,3.169325828552246
1177,NonDemented,SCN-03: SHAP (e=2000),0.952339930087328,0.9482575781643391,0.924605526945352,0.01171875,12.754508018493652
497,NonDemented,SCN-01: Grad-CAM,0.4823706842958927,0.5859213287942112,0.9534705281257629,0.9034797512755102,0.02203655242919922
497,NonDemented,SCN-02: LIME (n=100),0.5607669055461884,0.9289922542870044,0.903176137063117,0.08119419642857142,0.9354896545410156
497,NonDemented,SCN-02: LIME (n=500),0.751948405057192,0.8996569104492664,0.8780185630981897,0.023596938775510203,4.029921054840088
497,NonDemented,SCN-02: LIME (n=2000),0.8043440379202366,0.9159990556538105,0.8213777435374783,0.017338966836734693,17.472386121749878
497,NonDemented,SCN-03: SHAP (e=100),0.35808971524238586,0.5621459223330021,0.8782761902077458,0.1875,0.6597793102264404
497,NonDemented,SCN-03: SHAP (e=500),0.44823450520634656,0.6210109449923039,0.9499295643325322,0.125,2.921483278274536
497,NonDemented,SCN-03: SHAP (e=2000),0.8820672340691089,0.3284936438431032,0.9708390384153668,0.09765625,12.777714014053345
1074,NonDemented,SCN-01: Grad-CAM,0.23854391416534781,0.6305373518727719,0.9825459122657776,0.8521205357142857,0.01792621612548828
1074,NonDemented,SCN-02: LIME (n=100),0.09244129923996242,0.08765469363879673,0.8985107493478846,0.012555803571428572,0.9472537040710449
1074,NonDemented,SCN-02: LIME (n=500),0.09282359891440137,0.07912822958605828,0.8061450747756559,0.012555803571428572,5.177852392196655
1074,NonDemented,SCN-02: LIME (n=2000),0.10317416765781216,0.10924999749340712,0.7896207739002736,0.012555803571428572,16.93559503555298
1074,NonDemented,SCN-03: SHAP (e=100),0.27446501329541206,0.30278871674090624,0.9405689089029499,0.5625,0.665557861328125
1074,NonDemented,SCN-03: SHAP (e=500),0.07514160401187837,0.3057790657505393,0.9503889854584795,0.546875,3.240025043487549
1074,NonDemented,SCN-03: SHAP (e=2000),0.06332919326705451,0.447982595488429,0.9684543784824329,0.03125,16.341894149780273
994,NonDemented,SCN-01: Grad-CAM,0.6187325783073903,0.9542026586830615,0.9913538694381714,0.8282246492346939,0.033165693283081055
994,NonDemented,SCN-02: LIME (n=100),0.959327758103609,0.9616467781364918,0.9176337538094457,0.025271045918367346,1.6756823062896729
994,NonDemented,SCN-02: LIME (n=500),0.9616393692791462,0.9552132435142993,0.8985133432058083,0.038763552295918366,4.9406139850616455
994,NonDemented,SCN-02: LIME (n=2000),0.9601204879581928,0.9587080843746661,0.9034513340417036,0.025271045918367346,16.774494647979736
994,NonDemented,SCN-03: SHAP (e=100),0.8138836331665517,0.935033942013979,0.6679224689398282,0.3125,0.6575655937194824
994,NonDemented,SCN-03: SHAP (e=500),0.9560668833553791,0.9493971116840838,0.914491811170322,0.015625,3.1902120113372803
994,NonDemented,SCN-03: SHAP (e=2000),0.9614714749157429,0.936080176383257,0.9126055972232396,0.0703125,12.8337721824646
620,NonDemented,SCN-01: Grad-CAM,0.49772732034325606,0.6571925118565559,0.9935503602027893,0.8832908163265306,0.0258941650390625
620,NonDemented,SCN-02: LIME (n=100),0.9229586966335773,0.9453133411705494,0.9181893081821447,0.043626434948979595,1.2297399044036865
620,NonDemented,SCN-02: LIME (n=500),0.9027524001896381,0.9425760336220265,0.939195358231314,0.022122130102040817,4.15835428237915
620,NonDemented,SCN-02: LIME (n=2000),0.8967752702534199,0.9372613973915577,0.9452328654843531,0.022122130102040817,18.315197706222534
620,NonDemented,SCN-03: SHAP (e=100),0.8536768414080144,0.6139467723667621,0.8333706087842309,0.0625,0.6731369495391846
620,NonDemented,SCN-03: SHAP (e=500),0.8980436749756336,0.8985269494354725,0.919561419346032,0.28125,2.9276227951049805
620,NonDemented,SCN-03: SHAP (e=2000),0.9109855122864247,0.9079961188137531,0.907811836566607,0.9375,13.328717470169067
580,NonDemented,SCN-01: Grad-CAM,0.5922904051840304,0.8787006549537182,0.9861233234405518,0.8597138073979592,0.01813817024230957
580,NonDemented,SCN-02: LIME (n=100),0.927277822047472,0.9614308841526509,0.9180005521279752,0.07601243622448979,0.9537253379821777
580,NonDemented,SCN-02: LIME (n=500),0.9585840292274953,0.9618426270782947,0.8988190750444225,0.030791613520408163,5.174956798553467
580,NonDemented,SCN-02: LIME (n=2000),0.9035877414047718,0.9617851205170155,0.9492557986716403,0.03999920280612245,17.072051525115967
580,NonDemented,SCN-03: SHAP (e=100),0.6715396277606487,0.8744240291416644,0.9119258962643951,0.09375,0.661766767501831
580,NonDemented,SCN-03: SHAP (e=500),0.8780089981853962,0.895708755403757,0.9735709200975009,0.0078125,3.2528281211853027
580,NonDemented,SCN-03: SHAP (e=2000),0.9335256464779378,0.7315329559147358,0.9396141987477906,0.001953125,12.638956785202026
1081,NonDemented,SCN-01: Grad-CAM,0.2815979436039925,0.7644783355295658,0.9696274995803833,0.8754783163265306,0.022899866104125977
1081,NonDemented,SCN-02: LIME (n=100),0.8482830710709095,0.9615571685135365,0.9225979887358046,0.0758529974489796,1.1890528202056885
1081,NonDemented,SCN-02: LIME (n=500),0.8866029627621174,0.9615718849003315,0.9478507554774095,0.05863360969387755,4.034218788146973
1081,NonDemented,SCN-02: LIME (n=2000),0.9255818970501423,0.9020259834825992,0.9556905728864477,0.07073102678571429,17.281992197036743
1081,NonDemented,SCN-03: SHAP (e=100),0.5462376154959201,0.7312004841864109,0.9041576771786185,0.0625,0.6752548217773438
1081,NonDemented,SCN-03: SHAP (e=500),0.8812866933643818,0.8401107139885424,0.9455112844301586,0.03125,2.8991763591766357
1081,NonDemented,SCN-03: SHAP (e=2000),0.8969249613583088,0.664219556003809,0.9618642610929662,0.015625,12.824834823608398
1088,VeryMildDemented,SCN-01: Grad-CAM,0.34634340889751913,0.8379485748708247,0.971752405166626,0.8156688456632653,0.026496410369873047
1088,VeryMildDemented,SCN-02: LIME (n=100),0.12733219880610702,0.06110353173521047,0.9328640397572545,0.1283282844387755,0.9242153167724609
1088,VeryMildDemented,SCN-02: LIME (n=500),0.1853077974592452,0.06149910406457763,0.9336850564312601,0.14620535714285715,4.999320030212402
1088,VeryMildDemented,SCN-02: LIME (n=2000),0.25611603455909066,0.14560998878148473,0.9311867580696376,0.09889190051020408,16.632779836654663
1088,VeryMildDemented,SCN-03: SHAP (e=100),0.3093478832393885,0.8762024924159051,0.8004257525177567,0.125,0.650611162185669
1088,VeryMildDemented,SCN-03: SHAP (e=500),0.20691118966788055,0.8860164389014245,0.7903557837576989,0.0078125,3.151724100112915
1088,VeryMildDemented,SCN-03: SHAP (e=2000),0.16472160703269764,0.8919820234179496,0.7059208322286014,0.00390625,12.866116523742676
1180,VeryMildDemented,SCN-01: Grad-CAM,0.15598194199847057,0.7574887484312058,0.9814891815185547,0.8914421237244898,0.02705216407775879
1180,VeryMildDemented,SCN-02: LIME (n=100),0.27799877296201886,0.04782531120974753,0.9460824502810007,0.04986447704081633,1.1939387321472168
1180,VeryMildDemented,SCN-02: LIME (n=500),0.3362883233465255,0.04773930629395408,0.9036605169959983,0.025450414540816327,3.9818520545959473
1180,VeryMildDemented,SCN-02: LIME (n=2000),0.5653718559071421,0.04774322445116183,0.928455108383249,0.025450414540816327,16.994866847991943
1180,VeryMildDemented,SCN-03: SHAP (e=100),0.2332543004769832,0.1856158920662438,0.9500559594723178,0.5,0.6797337532043457
1180,VeryMildDemented,SCN-03: SHAP (e=500),0.23753899559378627,0.103669356289603,0.9341557620421999,0.6171875,2.924335479736328
1180,VeryMildDemented,SCN-03: SHAP (e=2000),0.11702893492765727,0.16537660295725803,0.9191255906933288,0.2109375,12.846140623092651
1233,VeryMildDemented,SCN-01: Grad-CAM,0.3566464167088271,0.8202129013836383,0.9874997735023499,0.8783880739795918,0.017119169235229492
1233,VeryMildDemented,SCN-02: LIME (n=100),0.9476281829178332,0.9393983788788319,0.8960434882617427,0.2491031568877551,0.8857953548431396
1233,VeryMildDemented,SCN-02: LIME (n=500),0.957818502932787,0.9174091525375843,0.9473366112922771,0.028439891581632654,4.23406720161438
1233,VeryMildDemented,SCN-02: LIME (n=2000),0.9408251352608203,0.5663758381269872,0.9449083430243531,0.028439891581632654,16.45552897453308
1233,VeryMildDemented,SCN-03: SHAP (e=100),0.7699389167129993,0.3992901913821697,0.7829365737583105,0.09375,0.7001528739929199
1233,VeryMildDemented,SCN-03: SHAP (e=500),0.9338572271168233,0.581526655703783,0.7475613883171575,0.015625,3.042616128921509
1233,VeryMildDemented,SCN-03: SHAP (e=2000),0.8833201117813587,0.7550161071121693,0.8055854243693659,0.015625,12.736647367477417
875,VeryMildDemented,SCN-01: Grad-CAM,0.6682082630693913,0.47324703559279446,0.9575120806694031,0.9074457908163265,0.02365255355834961
875,VeryMildDemented,SCN-02: LIME (n=100),0.943204564601183,0.8548519022762776,0.9273553368970393,0.11214524872448979,1.2291591167449951
875,VeryMildDemented,SCN-02: LIME (n=500),0.8994858510792256,0.8679382927715779,0.9403513618748449,0.4466079400510204,4.10995888710022
875,VeryMildDemented,SCN-02: LIME (n=2000),0.9354963071644306,0.8588885553181173,0.9164046521782232,0.6641422193877551,16.493069648742676
875,VeryMildDemented,SCN-03: SHAP (e=100),0.46772298291325565,0.5603807859122754,0.7958556085608891,0.0625,0.8091187477111816
875,VeryMildDemented,SCN-03: SHAP (e=500),0.849979341775179,0.786041597276926,0.9388912476526018,0.0625,3.2612879276275635
875,VeryMildDemented,SCN-03: SHAP (e=2000),0.9261073000729083,0.8642389602959156,0.97423332950818,0.05859375,13.182304620742798
737,VeryMildDemented,SCN-01: Grad-CAM,0.24145975343417375,0.8815113618969916,0.9621706604957581,0.8289819834183674,0.018754243850708008
737,VeryMildDemented,SCN-02: LIME (n=100),0.20818521250039343,0.08169514755281851,0.9203340513176721,0.3757174744897959,0.9221131801605225
737,VeryMildDemented,SCN-02: LIME (n=500),0.20623518644424624,0.09343374306299665,0.878853823023803,0.9148198341836735,4.123502492904663
737,VeryMildDemented,SCN-02: LIME (n=2000),0.2164307524217293,0.06414032976688303,0.8655835343856982,0.8975805165816326,16.721776962280273
737,VeryMildDemented,SCN-03: SHAP (e=100),0.43006246834993367,0.7327162280678748,0.9537450215071638,0.4375,0.6849555969238281
737,VeryMildDemented,SCN-03: SHAP (e=500),0.35735872089862825,0.43326795729808504,0.9650985378113403,0.53125,3.1617345809936523
737,VeryMildDemented,SCN-03: SHAP (e=2000),0.2849328327924013,0.4407892249524593,0.9431269755356891,0.578125,13.118645429611206
752,VeryMildDemented,SCN-01: Grad-CAM,0.17490057917311788,0.7792601689696311,0.9676669239997864,0.8728276466836735,0.0220644474029541
752,VeryMildDemented,SCN-02: LIME (n=100),0.07972235399647618,0.08423226314189378,0.931857613391634,0.02188297193877551,1.286634922027588
752,VeryMildDemented,SCN-02: LIME (n=500),0.19092478142119948,0.18902239436283705,0.9413765238711977,0.02188297193877551,4.0684754848480225
752,VeryMildDemented,SCN-02: LIME (n=2000),0.08137664515525103,0.4615443106740713,0.9523501664307172,0.02188297193877551,16.5025372505188
752,VeryMildDemented,SCN-03: SHAP (e=100),0.29536978527903557,0.2537794172763824,0.8343355042055267,0.125,0.81435227394104
752,VeryMildDemented,SCN-03: SHAP (e=500),0.3706202305853368,0.39121389165520665,0.8676513658927223,0.015625,3.316028594970703
752,VeryMildDemented,SCN-03: SHAP (e=2000),0.34950245693326004,0.24253053851425652,0.9614840599023559,0.0078125,13.446888208389282
910,VeryMildDemented,SCN-01: Grad-CAM,0.5015104092657566,0.8708962328732014,0.9836760759353638,0.7950215242346939,0.020628929138183594
910,VeryMildDemented,SCN-02: LIME (n=100),0.9441674299538135,0.9608327277004719,0.9250119948831785,0.5245535714285714,0.9703192710876465
910,VeryMildDemented,SCN-02: LIME (n=500),0.9613895483314993,0.9278801329433918,0.9305372807100122,0.06148357780612245,4.486388683319092
910,VeryMildDemented,SCN-02: LIME (n=2000),0.9614520676434039,0.9441649802029133,0.9552849143101493,0.05552455357142857,17.56452178955078
910,VeryMildDemented,SCN-03: SHAP (e=100),0.8391392730176449,0.822365016490221,0.9055041405124361,0.375,0.7279372215270996
910,VeryMildDemented,SCN-03: SHAP (e=500),0.749914625287056,0.855953835695982,0.8634275921943557,0.109375,3.1946704387664795
910,VeryMildDemented,SCN-03: SHAP (e=2000),0.8394630439579489,0.8701933033764362,0.8633899787781938,0.109375,13.15778112411499
221,VeryMildDemented,SCN-01: Grad-CAM,0.26679690629243846,0.8140372112393378,0.941827654838562,0.8673270089285714,0.028272390365600586
221,VeryMildDemented,SCN-02: LIME (n=100),0.0814213676363579,0.07467053406871854,0.9405769415665381,0.02658641581632653,1.3003311157226562
221,VeryMildDemented,SCN-02: LIME (n=500),0.17346088169142604,0.061426368745855886,0.9361243920480361,0.02658641581632653,4.168788194656372
221,VeryMildDemented,SCN-02: LIME (n=2000),0.15689529567607677,0.08790100392980091,0.7802142906015077,0.02658641581632653,17.338756322860718
221,VeryMildDemented,SCN-03: SHAP (e=100),0.29310316959163174,0.8686322942376137,0.9778522817872933,0.5,0.7297427654266357
221,VeryMildDemented,SCN-03: SHAP (e=500),0.18099991069175303,0.6315879821777344,0.9918160664715728,0.03125,2.9553911685943604
221,VeryMildDemented,SCN-03: SHAP (e=2000),0.06893324203156227,0.2416708254742843,0.9878878526858758,0.03515625,12.2081458568573
21,VeryMildDemented,SCN-01: Grad-CAM,0.09271806811448187,0.662695899605751,0.9871923923492432,0.8944116709183674,0.017301082611083984
21,VeryMildDemented,SCN-02: LIME (n=100),0.1858379364013672,0.050759373374518184,0.9290025017545867,0.05432876275510204,0.918724775314331
21,VeryMildDemented,SCN-02: LIME (n=500),0.1212471774600999,0.047049448354976764,0.9174626289602454,0.01845503826530612,3.9392669200897217
21,VeryMildDemented,SCN-02: LIME (n=2000),0.10832807250990298,0.04766218573621827,0.9156788138551034,0.01845503826530612,16.801788330078125
21,VeryMildDemented,SCN-03: SHAP (e=100),0.49153766930103304,0.2737145934253931,0.9232335587666414,0.3125,0.66632080078125
21,VeryMildDemented,SCN-03: SHAP (e=500),0.27883355747908356,0.13975376879679968,0.9533059712784333,0.5,2.948370933532715
21,VeryMildDemented,SCN-03: SHAP (e=2000),0.21585778789594773,0.0849343343942337,0.9805102383053402,0.0546875,12.481510877609253
1236,VeryMildDemented,SCN-01: Grad-CAM,0.4749581970274449,0.8125294245779515,0.9834741353988647,0.7979711415816326,0.017174482345581055
1236,VeryMildDemented,SCN-02: LIME (n=100),0.9578834600746633,0.9566754110157489,0.9159416201523095,0.03276466836734694,0.9143526554107666
1236,VeryMildDemented,SCN-02: LIME (n=500),0.9555452175438404,0.9517807073891162,0.9448951293837041,0.03276466836734694,4.841623067855835
1236,VeryMildDemented,SCN-02: LIME (n=2000),0.9565152533352375,0.9479649372398853,0.9597560620568667,0.03276466836734694,16.820463180541992
1236,VeryMildDemented,SCN-03: SHAP (e=100),0.7765289343893528,0.7863434500992298,0.7810100374757549,0.625,0.8610341548919678
1236,VeryMildDemented,SCN-03: SHAP (e=500),0.8696022517979146,0.9406057484447956,0.5145466154425642,0.9296875,3.1990411281585693
1236,VeryMildDemented,SCN-03: SHAP (e=2000),0.657853914052248,0.9120715148746967,0.740230596196541,0.171875,12.57634711265564
9,VeryMildDemented,SCN-01: Grad-CAM,0.3164091527462005,0.582255756482482,0.974535346031189,0.8525589923469388,0.01716899871826172
9,VeryMildDemented,SCN-02: LIME (n=100),0.06806962248429045,0.1515810254772077,0.9103518338601135,0.12739158163265307,0.9474503993988037
9,VeryMildDemented,SCN-02: LIME (n=500),0.0793264505060506,0.46381359668448563,0.9484524807317692,0.03964046556122449,4.125845193862915
9,VeryMildDemented,SCN-02: LIME (n=2000),0.06757573468494228,0.1310491169366287,0.9433249104663745,0.03964046556122449,17.15575647354126
9,VeryMildDemented,SCN-03: SHAP (e=100),0.8545736104249954,0.4182716699317097,0.8092200862276014,0.25,0.7034256458282471
9,VeryMildDemented,SCN-03: SHAP (e=500),0.4068132184445858,0.6580514498054981,0.9433230092624066,0.15625,2.933318853378296
9,VeryMildDemented,SCN-03: SHAP (e=2000),0.3654845428769477,0.6698468759655951,0.9537321682024875,0.0546875,12.428184032440186
1239,VeryMildDemented,SCN-01: Grad-CAM,0.14351777425035833,0.2813186535611748,0.9925332069396973,0.8904854910714286,0.017026424407958984
1239,VeryMildDemented,SCN-02: LIME (n=100),0.13474638234711164,0.16015339680016039,0.9209067832340474,0.23272082270408162,0.9249725341796875
1239,VeryMildDemented,SCN-02: LIME (n=500),0.054435568425105885,0.07451056181031673,0.9473643659136148,0.05197704081632653,5.171450853347778
1239,VeryMildDemented,SCN-02: LIME (n=2000),0.07466619204496963,0.11425567743281134,0.9495563563223643,0.048708545918367346,16.630990266799927
1239,VeryMildDemented,SCN-03: SHAP (e=100),0.23815661668777466,0.13310667114565147,0.8373584621807139,0.0625,0.7003579139709473
1239,VeryMildDemented,SCN-03: SHAP (e=500),0.08856574775418266,0.08461356589104979,0.9371263128691986,0.046875,3.545781135559082
1239,VeryMildDemented,SCN-03: SHAP (e=2000),0.057885122628067616,0.0770281893783249,0.9625922130600106,0.01953125,13.28352427482605
606,VeryMildDemented,SCN-01: Grad-CAM,0.4833046995103359,0.708244650438428,0.9522631764411926,0.8725087691326531,0.01786208152770996
606,VeryMildDemented,SCN-02: LIME (n=100),0.7516174681484697,0.9548349477350712,0.8685023779780232,0.25003985969387754,0.9438066482543945
606,VeryMildDemented,SCN-02: LIME (n=500),0.7520168006420136,0.9591758228838444,0.9091594851859052,0.11411830357142858,4.184720039367676
606,VeryMildDemented,SCN-02: LIME (n=2000),0.7424467863049359,0.9600981153547763,0.9168834538402315,0.09763632015306123,17.670778512954712
606,VeryMildDemented,SCN-03: SHAP (e=100),0.8668443895876409,0.431269284337759,0.7858826896755903,0.125,0.6764156818389893
606,VeryMildDemented,SCN-03: SHAP (e=500),0.9253163017332553,0.4631153862923384,0.9452158904146332,0.140625,3.117884635925293
606,VeryMildDemented,SCN-03: SHAP (e=2000),0.9587538875639439,0.9040124334394932,0.9603598462125909,0.03515625,12.937442302703857
210,VeryMildDemented,SCN-01: Grad-CAM,0.34568204879760744,0.8835369750857354,0.9849227666854858,0.8209103954081632,0.017128944396972656
210,VeryMildDemented,SCN-02: LIME (n=100),0.165003945873832,0.26874861437827346,0.8796459498654298,0.027064732142857144,0.9389302730560303
210,VeryMildDemented,SCN-02: LIME (n=500),0.21429668038763341,0.43999077151529487,0.8836205067424003,0.027064732142857144,5.3429999351501465
210,VeryMildDemented,SCN-02: LIME (n=2000),0.14583972204709425,0.38010369527619325,0.9388984400589637,0.027064732142857144,17.029208660125732
210,VeryMildDemented,SCN-03: SHAP (e=100),0.4975721105933189,0.8105324164032935,0.9362504360560591,0.125,0.8131616115570068
210,VeryMildDemented,SCN-03: SHAP (e=500),0.24846457156818358,0.6933177202939986,0.9319417758530167,0.0234375,3.337587356567383
210,VeryMildDemented,SCN-03: SHAP (e=2000),0.14751565525075422,0.7235221430659294,0.9515428157056245,0.0078125,12.576843976974487
0,VeryMildDemented,SCN-01: Grad-CAM,0.05587798015912994,0.8205581381916999,0.9619839787483215,0.8719706632653061,0.01761007308959961
0,VeryMildDemented,SCN-02: LIME (n=100),0.04605151453852158,0.2246114203313482,0.9230316212078198,0.09012276785714286,0.9156913757324219
0,VeryMildDemented,SCN-02: LIME (n=500),0.050354451382682436,0.1342942660441622,0.9270572786571066,0.05723852040816327,3.968186616897583
0,VeryMildDemented,SCN-02: LIME (n=2000),0.05959548320361136,0.09233322450447402,0.950588065769838,0.05723852040816327,16.85842227935791
0,VeryMildDemented,SCN-03: SHAP (e=100),0.43200134597718715,0.25268853186025814,0.893870317466301,0.0625,0.6908509731292725
0,VeryMildDemented,SCN-03: SHAP (e=500),0.287406773166731,0.27854044493287805,0.9619460932241988,0.015625,3.1175355911254883
0,VeryMildDemented,SCN-03: SHAP (e=2000),0.3695046544075013,0.2528746347926699,0.9790971913314802,0.015625,13.176459312438965
